{
    "seamless-m4t-v2-large_1726418069.8054562_ter_1_corpus.csv": {
        "qe-comet": {
            "pearson": 0.4845745379520801,
            "mae": 17.532061977429954,
            "rmse": 22.70904056394743
        },
        "qe-loglik": {
            "pearson": 0.13620343151329178,
            "mae": 72.83705670200892,
            "rmse": 77.04607309121067
        },
        "loglik-comet": {
            "pearson": 0.12058951996734392,
            "mae": 78.07895258169893,
            "rmse": 79.41471707146262
        },
        "config": {
            "perturbation": {
                "random_noise": {
                    "std_ns": [
                        0.1,
                        0.5,
                        0.7
                    ]
                },
                "speed_warp": {
                    "speeds": [
                        0.66,
                        2.0
                    ]
                },
                "frequency_filtering": {
                    "pass_cutoffs": [
                        [
                            100,
                            3000
                        ]
                    ]
                }
            },
            "weights": {},
            "as_corpus": true,
            "metric": "ter"
        }
    },
    "seamless-m4t-v2-large_1726418761.2353017_ter_1.csv": {
        "qe-comet": {
            "pearson": 0.17763004024665752,
            "mae": 48.06191726725563,
            "rmse": 50.79498587349709
        },
        "qe-loglik": {
            "pearson": -0.11287620186444218,
            "mae": 30.989808384769304,
            "rmse": 34.5078747163286
        },
        "loglik-comet": {
            "pearson": 0.12058951996734392,
            "mae": 78.07895258169893,
            "rmse": 79.41471707146262
        },
        "config": {
            "perturbation": {
                "random_noise": {
                    "std_ns": [
                        0.1,
                        0.5,
                        0.7
                    ]
                },
                "speed_warp": {
                    "speeds": [
                        0.66,
                        2.0
                    ]
                },
                "frequency_filtering": {
                    "pass_cutoffs": [
                        [
                            100,
                            3000
                        ]
                    ]
                }
            },
            "weights": {},
            "as_corpus": false,
            "metric": "ter"
        }
    },
    "seamless-m4t-v2-large_1726419673.6558514_ter_stabilized_corpus.csv": {
        "qe-comet": {
            "pearson": 0.41504419845627427,
            "mae": 17.600553911283292,
            "rmse": 22.762286130519545
        },
        "qe-loglik": {
            "pearson": 0.12885714264317735,
            "mae": 72.14269898878271,
            "rmse": 75.90150363745643
        },
        "loglik-comet": {
            "pearson": 0.12058951996734392,
            "mae": 78.07895258169893,
            "rmse": 79.41471707146262
        },
        "config": {
            "perturbation": {
                "random_noise": {
                    "std_ns": [
                        0.2,
                        0.3,
                        0.35
                    ]
                },
                "speed_warp": {
                    "speeds": [
                        0.7,
                        2.0,
                        1.9
                    ]
                },
                "resampling": {
                    "target_sample_rates": [
                        24000,
                        23000,
                        22000
                    ]
                }
            },
            "weights": {},
            "as_corpus": true,
            "metric": "ter"
        }
    },
    "seamless-m4t-v2-large_1726420588.5202358_ter_stabilized.csv": {
        "qe-comet": {
            "pearson": 0.21707510430455057,
            "mae": 43.104770270064904,
            "rmse": 46.74482339757542
        },
        "qe-loglik": {
            "pearson": -0.08112502691667532,
            "mae": 35.61332393741435,
            "rmse": 39.294966100309715
        },
        "loglik-comet": {
            "pearson": 0.12058951996734392,
            "mae": 78.07895258169893,
            "rmse": 79.41471707146262
        },
        "config": {
            "perturbation": {
                "random_noise": {
                    "std_ns": [
                        0.2,
                        0.3,
                        0.35
                    ]
                },
                "speed_warp": {
                    "speeds": [
                        0.7,
                        2.0,
                        1.9
                    ]
                },
                "resampling": {
                    "target_sample_rates": [
                        24000,
                        23000,
                        22000
                    ]
                }
            },
            "weights": {
                "random_noise-0.3": 0.9,
                "random_noise-0.2": 0.8,
                "random_noise-0.35": 0.7,
                "speed_warp-0.7": 0.6,
                "speed_warp-2.0": 0.8,
                "speed_warp-1.9": 0.6,
                "resampling-24000": 0.6,
                "resampling-23000": 0.8
            },
            "as_corpus": false,
            "metric": "ter"
        }
    }
}