{
    "seamless-m4t-v2-large_noise_only.csv": {
        "qe-comet": {
            "pearson": 0.4906354994760019,
            "mae": 19.46126194039906,
            "rmse": 24.439950804570785
        },
        "qe-loglik": {
            "pearson": 0.1671843835013216,
            "mae": 69.79401836121447,
            "rmse": 74.59272122043615
        },
        "loglik-comet": {
            "pearson": 0.12058951996734392,
            "mae": 78.07895258169893,
            "rmse": 79.41471707146262
        },
        "config": {
            "perturbation": {
                "random_noise": {
                    "std_ns": [
                        0.003,
                        0.005,
                        0.007,
                        0.009,
                        0.012
                    ]
                }
            },
            "weights": {
                "random_noise-0.001": 0.7,
                "random_noise-0.002": 0.8,
                "random_noise-0.003": 0.9,
                "random_noise-0.004": 1.0,
                "random_noise-0.005": 1.3,
                "random_noise-0.006": 1.6,
                "random_noise-0.007": 1.9,
                "random_noise-0.009": 2.0,
                "random_noise-0.012": 2.1,
                "random_noise-0.015": 2.2
            },
            "as_corpus": true,
            "metric": "bleu"
        }
    },
    "seamless-m4t-v2-large_bleu_best.csv": {
        "qe-comet": {
            "pearson": 0.5180291605397037,
            "mae": 17.519452379342,
            "rmse": 22.146809897376105
        },
        "qe-loglik": {
            "pearson": 0.1623724963574767,
            "mae": 72.71238700163333,
            "rmse": 76.90806787249348
        },
        "loglik-comet": {
            "pearson": 0.12058951996734392,
            "mae": 78.07895258169893,
            "rmse": 79.41471707146262
        },
        "config": {
            "perturbation": {
                "random_noise": {
                    "std_ns": [
                        0.001,
                        0.003,
                        0.005,
                        0.007
                    ]
                }
            },
            "weights": {
                "random_noise-0.001": 0.7,
                "random_noise-0.002": 0.8,
                "random_noise-0.003": 0.9,
                "random_noise-0.004": 1.0,
                "random_noise-0.005": 1.3,
                "random_noise-0.006": 1.6,
                "random_noise-0.007": 1.9
            },
            "metric": "bleu",
            "as_corpus": true
        }
    },
    "seamless-m4t-v2-large_filter_only.csv": {
        "qe-comet": {
            "pearson": 0.3108574878149002,
            "mae": 28.840938394686184,
            "rmse": 34.86505303678914
        },
        "qe-loglik": {
            "pearson": 0.0064275186667835955,
            "mae": 56.19533607753983,
            "rmse": 62.73508610115291
        },
        "loglik-comet": {
            "pearson": 0.12058951996734392,
            "mae": 78.07895258169893,
            "rmse": 79.41471707146262
        },
        "config": {
            "perturbation": {
                "frequency_filtering": {
                    "stop_cutoffs": [
                        [
                            300,
                            3000
                        ],
                        [
                            100,
                            3000
                        ],
                        [
                            300,
                            5000
                        ]
                    ]
                }
            },
            "weights": {
                "frequency_filtering-stop(300, 3000)": 1.0,
                "frequency_filtering-stop(300, 5000)": 0.5,
                "frequency_filtering-stop(100, 3000)": 0.5
            },
            "as_corpus": false,
            "metric": "bleu"
        }
    },
    "seamless-m4t-v2-large_noise_only": {
        "qe-comet": {
            "pearson": 0.28060758484024745,
            "mae": 20.456686350746967,
            "rmse": 26.409173605778083
        },
        "qe-loglik": {
            "pearson": 0.19814794680171266,
            "mae": 71.51097135410497,
            "rmse": 75.9851250904032
        },
        "loglik-comet": {
            "pearson": 0.11056104382928872,
            "mae": 78.89014270858516,
            "rmse": 79.97333825087921
        },
        "config": {
            "perturbation": {
                "random_noise": {
                    "std_ns": [
                        0.003,
                        0.005,
                        0.007,
                        0.009,
                        0.012
                    ]
                }
            },
            "weights": {
                "random_noise-0.001": 0.7,
                "random_noise-0.002": 0.8,
                "random_noise-0.003": 0.9,
                "random_noise-0.004": 1.0,
                "random_noise-0.005": 1.3,
                "random_noise-0.006": 1.6,
                "random_noise-0.007": 1.9,
                "random_noise-0.009": 2.0,
                "random_noise-0.012": 2.1,
                "random_noise-0.015": 2.2
            },
            "as_corpus": false,
            "metric": "bleu"
        }
    },
    "seamless-m4t-v2-large_resample_only.csv": {
        "qe-comet": {
            "pearson": -0.04981737918778802,
            "mae": 76.28043137382949,
            "rmse": 77.69904169373964
        },
        "qe-loglik": {
            "pearson": 0.5725947497682263,
            "mae": 1.7985610840942248,
            "rmse": 2.8386474343839145
        },
        "loglik-comet": {
            "pearson": 0.12058951996734392,
            "mae": 78.07895258169893,
            "rmse": 79.41471707146262
        },
        "config": {
            "perturbation": {
                "resampling": {
                    "target_sample_rates": [
                        4000,
                        5000,
                        6000,
                        16000,
                        32000
                    ]
                }
            },
            "weights": {
                "resampling-4000": 1.2,
                "resampling-5000": 1.1,
                "resampling-6000": 1.0,
                "resampling-16000": 1.5,
                "resampling-32000": 1.3
            },
            "as_corpus": false,
            "metric": "bleu"
        }
    },
    "seamless-m4t-v2-large_warp_only.csv": {
        "qe-comet": {
            "pearson": 0.4073709664257879,
            "mae": 25.36522693268565,
            "rmse": 30.428884126437694
        },
        "qe-loglik": {
            "pearson": 0.00406250704387392,
            "mae": 55.134501774168626,
            "rmse": 58.954033503672775
        },
        "loglik-comet": {
            "pearson": 0.12058951996734392,
            "mae": 78.07895258169893,
            "rmse": 79.41471707146262
        },
        "config": {
            "perturbation": {
                "speed_warp": {
                    "speeds": [
                        0.5,
                        0.6,
                        0.7,
                        1.3,
                        1.4,
                        1.5
                    ]
                }
            },
            "weights": {
                "speed_warp-0.5": 0.5,
                "speed_warp-0.6": 0.6,
                "speed_warp-0.7": 0.7,
                "speed_warp-1.3": 0.7,
                "speed_warp-1.4": 0.6,
                "speed_warp-1.5": 0.5
            },
            "as_corpus": false,
            "metric": "bleu"
        }
    },
    "seamless-m4t-v2-large_1725845708.4108624_filter_only.csv": {
        "qe-comet": {
            "pearson": 0.3108574878149002,
            "mae": 28.840938394686184,
            "rmse": 34.86505303678914
        },
        "qe-loglik": {
            "pearson": 0.0064275186667835955,