audio_file,result,comet,confidence
80431_44.wav,100.0,0.5596516728401184,tensor([0.0003])
81387_118.wav,59.678479021275,0.5280234217643738,tensor([4.8719e-05])
91039_40.wav,91.85861352155115,0.8680016994476318,tensor([8.1551e-06])
91039_29.wav,100.0,0.8670226335525513,tensor([0.0008])
70362_13.wav,100.0,0.9478575587272644,tensor([1.6174e-05])
86145_14.wav,85.10598118957252,0.8839502334594727,tensor([1.9978e-05])
81387_123.wav,100.0,0.8308567404747009,tensor([3.2300e-08])
84145_46.wav,100.0,0.9179981350898743,tensor([4.3725e-05])
81387_59.wav,100.0,0.8825309872627258,tensor([0.0474])
